[
{"profession":"Social Workers"},
{"profession":"Medical"},
{"profession":"Chemistry & pharmacy"},
{"profession":" Tourism / Travels / Transport"},
{"profession":"Education / Teaching / Trainee "},
{"profession":"Architecture / Interior designing"},
{"profession":"Banking / Finance /Broking"},
{"profession":"FMCG / Foods / Beverage "},
{"profession":"Hotel / Restaurant"},
{"profession":"IT – Hardware / Networking "},
{"profession":"IT – Software / Services"},
{"profession":" Construction / Engineering / cement / Metals"},
{"profession":"Engineer / Electrical / Electronic / Mechanical "},
{"profession":" Advertising /PR/MR/Events"},
{"profession":" Agriculture / Dairy"},
{"profession":"Entertainment & Recreation"},
{"profession":"Journalism & News "},
{"profession":"Legal Services"},
{"profession":"Marketing"},
{"profession":"Human Resources "},
{"profession":" Media/Photographic"},
{"profession":"Student"},
{"profession":"Government"},
{"profession":" Real Estate / Construction "},
{"profession":"Other Fields "}
]
