{
    "attendees": [{
        "email": "surya@gmail.com",
        "first_name": "surya",
        "last_name": "s"
    },
    {
        "email": "surya.doodleblue@gmail.com",
        "first_name": "surya",
        "last_name": "sing"
    },
{
        "email": "raja0987@gmail.com",
        "first_name": "raja",
        "last_name": "A"
    },
{
        "email": "vijay12@gmail.com",
        "first_name": "vjay",
        "last_name": "q"
    },
{
        "email": "kavi231@gmail.com",
        "first_name": "kavi",
        "last_name": "P"
    },
{
        "email": "kavaya1998@gmail.com",
        "first_name": "kavaya",
        "last_name": "K"
    },
{
        "email": "swathi123@gmail.com",
        "first_name": "swathi",
        "last_name": "e"
    }]
}